shape_index,shape_id,m,n,k,l,precision,input_dtype,scale_dtype,scale_block_elements,accumulator_dtype,output_dtype,mma_tile,cluster_shape,tma_store,repetition_1_tflops,repetition_2_tflops,repetition_3_tflops,mean_tflops,stdev_tflops,cv_percent,mean_kernel_time_us,speedup_vs_bf16,vendor_dense_peak_tflops,percent_vendor_dense_peak,correctness
0,4096x4096x4096x1,4096,4096,4096,1,bf16,BFloat16,,,Float32,Float32,256x128,2x1,yes,1685.060859,1679.657100,1690.399613,1685.039191,5.371289,0.318763,81.564800,1.000000,2250.000000,74.890631,PASS
0,4096x4096x4096x1,4096,4096,4096,1,fp8,Float8E4M3FN,,,Float32,Float32,256x128,2x1,yes,2940.247963,2930.518111,2943.371171,2938.045748,6.703551,0.228164,46.779200,1.743607,4500.000000,65.289906,PASS
0,4096x4096x4096x1,4096,4096,4096,1,nvfp4,Float4E2M1FN,Float8E4M3FN,16,Float32,Float32,256x128,2x1,yes,4048.800337,3988.639749,4061.242653,4032.894246,38.827158,0.962762,34.081600,2.393353,13500.000000,29.873291,PASS
1,8192x8192x8192x1,8192,8192,8192,1,bf16,BFloat16,,,Float32,Float32,256x128,2x1,yes,1460.773816,1458.009293,1458.191855,1458.991655,1.546094,0.105970,753.611199,1.000000,2250.000000,64.844074,PASS
1,8192x8192x8192x1,8192,8192,8192,1,fp8,Float8E4M3FN,,,Float32,Float32,256x128,2x1,yes,3120.392857,3119.543062,3128.632538,3122.856152,5.020509,0.160767,352.085869,2.140421,4500.000000,69.396803,PASS
1,8192x8192x8192x1,8192,8192,8192,1,nvfp4,Float4E2M1FN,Float8E4M3FN,16,Float32,Float32,256x128,2x1,yes,5550.487745,5576.476379,5579.328823,5568.764316,15.892101,0.285379,197.443732,3.816858,13500.000000,41.250106,PASS
2,32768x512x4096x1,32768,512,4096,1,bf16,BFloat16,,,Float32,Float32,256x128,2x1,yes,757.436393,756.962464,758.506529,757.635129,0.790984,0.104402,181.405334,1.000000,2250.000000,33.672672,PASS
2,32768x512x4096x1,32768,512,4096,1,fp8,Float8E4M3FN,,,Float32,Float32,256x128,2x1,yes,1722.879893,1721.843852,1718.536829,1721.086858,2.268332,0.131797,79.856000,2.271657,4500.000000,38.246375,PASS
2,32768x512x4096x1,32768,512,4096,1,nvfp4,Float4E2M1FN,Float8E4M3FN,16,Float32,Float32,256x128,2x1,yes,2993.112917,2979.202509,3006.101405,2992.805611,13.452081,0.449481,45.923733,3.950194,13500.000000,22.168930,PASS
